CREATE DATABASE  IF NOT EXISTS `vaseis` /*!40100 DEFAULT CHARACTER SET utf8mb4 COLLATE utf8mb4_0900_ai_ci */ /*!80016 DEFAULT ENCRYPTION='N' */;
USE `vaseis`;
-- MySQL dump 10.13  Distrib 8.0.20, for Win64 (x86_64)
--
-- Host: localhost    Database: vaseis
-- ------------------------------------------------------
-- Server version	8.0.20

/*!40101 SET @OLD_CHARACTER_SET_CLIENT=@@CHARACTER_SET_CLIENT */;
/*!40101 SET @OLD_CHARACTER_SET_RESULTS=@@CHARACTER_SET_RESULTS */;
/*!40101 SET @OLD_COLLATION_CONNECTION=@@COLLATION_CONNECTION */;
/*!50503 SET NAMES utf8 */;
/*!40103 SET @OLD_TIME_ZONE=@@TIME_ZONE */;
/*!40103 SET TIME_ZONE='+00:00' */;
/*!40014 SET @OLD_UNIQUE_CHECKS=@@UNIQUE_CHECKS, UNIQUE_CHECKS=0 */;
/*!40014 SET @OLD_FOREIGN_KEY_CHECKS=@@FOREIGN_KEY_CHECKS, FOREIGN_KEY_CHECKS=0 */;
/*!40101 SET @OLD_SQL_MODE=@@SQL_MODE, SQL_MODE='NO_AUTO_VALUE_ON_ZERO' */;
/*!40111 SET @OLD_SQL_NOTES=@@SQL_NOTES, SQL_NOTES=0 */;

--
-- Table structure for table `consists_of`
--

DROP TABLE IF EXISTS `consists_of`;
/*!40101 SET @saved_cs_client     = @@character_set_client */;
/*!50503 SET character_set_client = utf8mb4 */;
CREATE TABLE `consists_of` (
  `barcode` varchar(15) NOT NULL,
  `card_number` varchar(45) NOT NULL,
  `time` char(5) NOT NULL,
  `date` char(10) NOT NULL,
  `quantity` int NOT NULL,
  PRIMARY KEY (`barcode`,`card_number`,`time`,`date`),
  KEY `time_idx` (`time`),
  KEY `date_idx` (`date`),
  KEY `card_number_idx` (`card_number`),
  CONSTRAINT `barcode_product_fk` FOREIGN KEY (`barcode`) REFERENCES `product` (`barcode`) ON DELETE CASCADE ON UPDATE CASCADE,
  CONSTRAINT `card_number_customer_fk` FOREIGN KEY (`card_number`) REFERENCES `transaction` (`card_number`) ON DELETE CASCADE ON UPDATE CASCADE,
  CONSTRAINT `date` FOREIGN KEY (`date`) REFERENCES `transaction` (`date`) ON DELETE CASCADE ON UPDATE CASCADE,
  CONSTRAINT `time` FOREIGN KEY (`time`) REFERENCES `transaction` (`time`) ON DELETE CASCADE ON UPDATE CASCADE
) ENGINE=InnoDB DEFAULT CHARSET=utf8mb4 COLLATE=utf8mb4_0900_ai_ci;
/*!40101 SET character_set_client = @saved_cs_client */;

--
-- Dumping data for table `consists_of`
--

LOCK TABLES `consists_of` WRITE;
/*!40000 ALTER TABLE `consists_of` DISABLE KEYS */;
INSERT INTO `consists_of` VALUES ('103849798132789','AJGD9801AT','17:40','2020-07-03',2),('103849798132789','FAGS1332KK','12:30','2020-06-14',2),('103849798132789','HSJA1562SM','20:12','2020-03-20',1),('178368127369118','AJGD9801AT','15:15','2020-05-15',6),('178368127369118','AJGD9801AT','16:15','2020-05-13',1),('182930121581465','FAGS1332KK','13:15','2020-06-14',2),('182930121581465','FAGS1332KK','13:15','2020-06-15',1),('182930121581465','FGDH1426JS','15:45','2020-07-01',3),('182930121581465','FGDH1426JS','16:10','2020-07-03',3),('182930121581465','FGDH1426JS','16:15','2020-07-02',1),('182930121581465','GHER2567DG','17:15','2020-07-05',3),('182930121581465','GHER2567DG','18:15','2020-04-01',1),('182930121581465','GHER2567DG','18:15','2020-05-03',2),('182930121581465','HDFG1324GF','15:15','2020-05-18',1),('182930121581465','HSJA1562SM','20:15','2020-05-02',3),('182930121581465','JAGS3541GF','15:15','2020-03-13',1),('182930121581465','LSOB3384VC','15:15','2020-06-13',2),('182930121581465','NBCN7282HF','10:15','2020-05-07',1),('182930121581465','NBCN7282HF','11:15','2020-05-08',2),('182930121581465','SGFA1718LD','12:15','2020-05-15',2),('182930121581465','SLWO1638AT','14:15','2020-03-01',1),('182930121581465','SLWO1638AT','16:15','2020-03-09',3),('182930121581465','YAFS5323NS','11:15','2020-05-06',3),('183517839261789','AHSS1234HD','15:15','2020-03-19',1),('183517839261789','AVCX7754NB','14:15','2020-05-03',1),('183517839261789','DGHJ7789DJ','13:15','2020-03-07',1),('183517839261789','FERL3692JD','11:15','2020-05-09',1),('183517839261789','FGDH1426JS','15:45','2020-07-01',2),('183517839261789','GSHA2345SD','12:15','2020-05-01',2),('183517839261789','GSHA7821MN','19:15','2020-05-20',1),('183517839261789','GSHA7821MN','20:15','2020-06-03',5),('183517839261789','HDJS2456DH','11:15','2020-06-06',2),('183517839261789','LSOB3384VC','11:15','2020-06-03',3),('183517839261789','SBAN1424GH','08:15','2020-05-05',3),('183517839261789','SBAN1424GH','09:15','2020-05-06',1),('183517839261789','SGFA1718LD','12:15','2020-03-04',2),('183517839261789','SHAG2615SD','12:15','2020-03-18',3),('183517839261789','SHAG2615SD','14:15','2020-03-16',4),('183517839261789','SLWO1638AT','12:15','2020-03-17',3),('183517839261789','SLWO1638AT','16:15','2020-03-09',1),('234123131393713','HSJA1562SM','19:54','2020-07-02',5),('237732278232387','FAGS1332KK','12:14','2020-07-03',1),('237732278232387','HSJA1562SM','14:36','2020-03-10',3),('237732278232387','HSJA1562SM','19:23','2020-06-14',1),('324719414187484','AVCX7754NB','11:54','2020-06-14',7),('324719414187484','FAGS1332KK','09:12','2020-06-14',3),('324719414187484','HSJA1562SM','10:42','2020-07-03',3),('343741874184343','FAGS1332KK','09:12','2020-06-14',3),('343741874184343','FAGS1332KK','09:42','2020-07-03',2),('343741874184343','FGDH1426JS','13:45','2020-06-21',3),('343741874184343','HSJA1562SM','13:24','2020-02-11',1),('343741874184343','KDHS7321HA','12:02','2020-06-14',3),('347384384732478','GSHA7821MN','18:00','2020-07-03',1),('347384384732478','HSJA1562SM','13:24','2020-02-11',2),('347437498419919','FGDH1426JS','12:45','2020-06-28',2),('347437498419919','FGDH1426JS','13:45','2020-06-21',3),('347834410434343','HSJA1562SM','19:04','2020-04-13',4),('348638423429474','HSJA1562SM','17:00','2020-06-23',1),('352171163417382','SLWO1638AT','10:15','2020-06-03',3),('352617393618338','DGHJ2456DS','11:15','2020-04-10',1),('352617393618338','DGHJ2456DS','13:15','2020-04-20',1),('352617393618338','GDHS2551KD','19:15','2020-04-17',2),('352617393618338','GDHS2551KD','20:15','2020-05-13',3),('352617393618338','HDHD42O0EE','12:15','2020-05-10',2),('352617393618338','HDHD42O0EE','19:15','2020-05-13',2),('352617393618338','KSRE1324KS','17:15','2020-06-03',2),('352617393618338','SLWO1638AT','13:15','2020-05-03',4),('352718390361586','AHSS1234HD','15:15','2020-03-19',1),('352718390361586','AMMR3425AW','16:15','2020-06-03',1),('352718390361586','DGHJ7789DJ','13:15','2020-03-07',1),('352718390361586','FERL3692JD','10:15','2020-04-03',2),('352718390361586','FGDH1426JS','11:00','2020-07-04',1),('352718390361586','FGDH1426JS','12:45','2020-06-28',2),('352718390361586','GDHS2551KD','12:15','2020-03-10',4),('352718390361586','GSHA2345SD','10:15','2020-05-03',3),('352718390361586','HDJS2456DH','12:15','2020-06-13',4),('352718390361586','HSJA2531KD','15:15','2020-05-03',3),('352718390361586','KDHS7321HA','18:15','2020-05-10',2),('352718390361586','SLWO1638AT','10:15','2020-04-03',5),('352718390361586','SLWO1638AT','11:15','2020-04-03',2),('352719103723413','AHSS1234HD','19:15','2020-03-21',2),('352719103723413','GDHS2551KD','19:15','2020-04-17',1),('352719103723413','JAGS3541GF','12:15','2020-05-03',2),('352719103723413','JAGS3541GF','12:15','2020-05-18',1),('352719103723413','KSRE1324KS','18:15','2020-06-09',2),('352719103723413','YAFS5323NS','18:15','2020-05-04',1),('361272828218219','AVCX7754NB','13:15','2020-06-03',3),('361272828218219','AVCX7754NB','14:15','2020-05-03',1),('363718910192711','GDHS2551KD','19:15','2020-04-17',1),('363718910192711','SHAG2615SD','19:15','2020-06-03',2),('365173936156361','GDHS2551KD','20:15','2020-05-13',4),('365173936156361','JAGS3541GF','12:15','2020-05-18',2),('365173936156361','SHAG2615SD','18:15','2020-05-16',3),('383920800000231','HSJA1562SM','14:40','2020-07-06',2),('383920800000231','KDHS7321HA','12:02','2020-06-14',3),('409871374918471','DGHJ7789DJ','13:15','2020-03-06',2),('409871374918471','FGDH1426JS','17:33','2020-06-14',2),('409871374918471','HSJA1562SM','14:22','2020-02-01',3),('409871374918471','HSJA1562SM','19:20','2020-06-22',2),('458987878378638','HSJA1562SM','14:40','2020-07-06',1),('481348401997633','HSJA1562SM','14:22','2020-02-01',1),('553627189462517','AMMR3425AW','19:15','2020-06-03',9),('553627189462517','DGHH2345LP','14:15','2020-05-20',3),('553627189462517','FERL3692JD','10:15','2020-04-03',3),('553627189462517','FERL3692JD','11:15','2020-05-09',1),('553627189462517','FERL3692JD','12:15','2020-02-01',3),('553627189462517','FGDH1426JS','16:10','2020-07-03',1),('553627189462517','GDHS2551KD','14:15','2020-04-14',1),('553627189462517','GDHS2551KD','19:15','2020-04-17',3),('553627189462517','GSHA7821MN','10:15','2020-06-04',8),('553627189462517','HDHD42O0EE','19:15','2020-05-13',1),('553627189462517','HSJA2531KD','14:15','2020-05-19',1),('657980091343413','HSJA1562SM','19:04','2020-04-13',4),('849362718334518','AHSS1234HD','15:15','2020-03-19',1),('849362718334518','AHSS1234HD','18:15','2020-03-19',2),('849362718334518','DGHJ7789DJ','13:15','2020-03-07',1),('849362718334518','FAGS1332KK','13:15','2020-06-14',3),('849362718334518','FAGS1332KK','13:15','2020-06-15',2),('849362718334518','FERL3692JD','10:15','2020-04-03',2),('849362718334518','FGDH1426JS','15:45','2020-07-01',2),('849362718334518','FGDH1426JS','16:10','2020-07-03',2),('849362718334518','GHER2567DG','17:15','2020-07-05',2),('849362718334518','GHER2567DG','18:15','2020-04-01',3),('849362718334518','HDFG1324GF','15:25','2020-05-25',4),('849362718334518','HSJA1562SM','19:20','2020-05-03',1),('849362718334518','HSJA1562SM','20:15','2020-05-02',1),('849362718334518','HSJA1562SM','21:00','2020-05-04',2),('849362718334518','JAGS3541GF','15:15','2020-03-12',3),('849362718334518','KDHS7321HA','17:15','2020-05-12',1),('849362718334518','KDHS7321HA','18:15','2020-05-10',3),('849362718334518','SGFA1718LD','12:15','2020-03-04',2),('849362718334518','SLWO1638AT','14:15','2020-03-01',2),('874387834374343','HSJA1562SM','16:56','2020-01-11',3),('874387834374343','HSJA1562SM','20:46','2020-03-22',2),('988974983411974','HSJA1562SM','16:14','2020-05-03',2);
/*!40000 ALTER TABLE `consists_of` ENABLE KEYS */;
UNLOCK TABLES;

--
-- Table structure for table `customer`
--

DROP TABLE IF EXISTS `customer`;
/*!40101 SET @saved_cs_client     = @@character_set_client */;
/*!50503 SET character_set_client = utf8mb4 */;
CREATE TABLE `customer` (
  `card_number` varchar(20) NOT NULL,
  `total_points` int NOT NULL,
  `city` varchar(30) DEFAULT NULL,
  `number` varchar(3) DEFAULT NULL,
  `street` varchar(45) DEFAULT NULL,
  `postal_code` char(5) DEFAULT NULL,
  `first_name` varchar(25) NOT NULL,
  `last_name` varchar(25) NOT NULL,
  `SSN` char(9) DEFAULT NULL,
  `birth_year` int DEFAULT NULL,
  `sex` char(1) DEFAULT NULL,
  `family_size` int DEFAULT NULL,
  `phone_no` decimal(10,0) DEFAULT NULL,
  PRIMARY KEY (`card_number`),
  KEY `birth_year` (`birth_year`)
) ENGINE=InnoDB DEFAULT CHARSET=utf8mb4 COLLATE=utf8mb4_0900_ai_ci;
/*!40101 SET character_set_client = @saved_cs_client */;

--
-- Dumping data for table `customer`
--

LOCK TABLES `customer` WRITE;
/*!40000 ALTER TABLE `customer` DISABLE KEYS */;
INSERT INTO `customer` VALUES ('AHSS1234HD',78,'THESSALONIKI','45','RODOY','23311','DIMITRIS','PAPANIKOS','367183233',2008,'M',3,6987276672),('AJGD9801AT',29,'ATHENS','97','LARISIS','77221','NAPOLEON','NIKOLAKAKIS','473821322',1995,'M',4,6973241225),('AMMR3425AW',190,'LARISA','13','LEOFOROS PENTELIS','99332','KOSTAS','VARDINOGIANNIS','367823456',1945,'M',3,6983261228),('AVCX7754NB',53,'ATHENS','83','TRIPOLEOS','66771','GIANNIS','TOYSAS','947884221',1955,'M',2,6983145226),('BBGS5467QR',10,'ATHENS','12','KO','16000','NIKOL','MARINOY','345186372',1990,'F',4,6913552417),('CBGS5467QR',100,'ATHENS','21','TANTALOY','17172','MARIA','KATSIKI','945186392',1980,'F',2,6973550017),('DGHH2345LP',1,'LARISA','95','LIOSION','63743','DIMITRIS','AGORIS','992177844',1996,'M',5,6984736278),('DGHJ2456DS',200,'THESSALONIKI','91','KALAMON','15421','VASILIKI','MPOYRA','456378211',1960,'F',3,6894839266),('DGHJ7789DJ',4,'ATHENS','89','LAMPROY KATSONI','36782','FROSI','PANOY','251426781',1990,'F',3,6937829179),('FAGS1332KK',711,'ATHENS','45','PANEPISTIMIOY','44532','PANAGIOTIS','SPYROY','367891532',1994,'M',3,6821425661),('FERL3692JD',55,'ATHENS','56','AGIOY IOANNI','27162','ANTONIOS','AGORIS','383138321',1998,'M',5,6987285965),('FGDH1426JS',100,'ATHENS','78','NIKOLAKPOYLOY','23451','LENA','NIKOLAOY','383271832',1993,'F',2,6546732311),('GDHS2551KD',90,'THESSALONIKI','03','KONITSTAS','66321','ILIAS','AGGELOPOYLOS','894372882',1932,'M',4,6983621811),('GHER2567DG',160,'ATHENS','02','SMYRNIS','27781','SOFIA','HARDALIA','332723321',1992,'F',5,6987285621),('GSHA2345SD',570,'VEROIA','189','SYROY','18212','LENA','MANTA','392817132',2000,'F',2,6893618880),('GSHA7821MN',250,'ATHENS','45','VASILEOS KONSTANTINOY','25617','FROSI','DASKALOPOYLOY','356729167',2005,'F',1,6973826178),('HDFG1324GF',78,'ATHENS','32','AGORAKRITOY','66574','NIKIFOROS','MELAS','467382364',1975,'M',3,6985472132),('HDHD42O0EE',45,'PATRA','90','PAROY','36782','NIKOS','PAPAKONSTANTINOY','361453525',1999,'M',6,6957493929),('HDJS2456DH',142,'ATHENS','21','NIKOLAOY','55212','NIKOS','PAGONIS','378219133',1990,'M',3,6987212121),('HSJA1562SM',350,'ATHENS','19','IRAKLEOS','15261','SOFIA','GEORGOYLI','958473327',1999,'F',2,6947327188),('HSJA2531KD',92,'LARISA','73','ORFEA','34552','PANAGIOTA','ANDREADAKI','467382913',1988,'F',3,6987281673),('JAGS3541GF',180,'THESSALNIKI','12','IRODOTOY','21892','GIANNA','AGGELOPYLOY','357289187',2003,'F',4,6983527118),('KDHS7321HA',89,'ATHENS','34','NAVARINOY','21212','NIKOLETA','XATZI','456739267',1959,'F',5,6983434661),('KSRE1324KS',22,'IOANNINA','32','TRIKALON','32313','LIANA','KANELLI','356789289',1998,'F',3,6978795293),('LSOB3384VC',140,'LARISA','72','PATISION','55621','ELENI','PATOULI','483832221',1988,'F',3,6979731078),('NBCN7282HF',251,'ATHENS','90','LEOFOROS KARAMANLI','21212','KOSTAS','KARAMANLIS','456635241',1969,'M',3,6936728123),('SBAN1424GH',517,'ATHENS','67','SOFOKLEOYS','14562','ANDREAS','PAPANDREOY','463782916',2001,'M',6,6984738821),('SGFA1718LD',45,'ATHENS','12','NIKOLAOY','52617','IASONAS','AGORIS','456378257',2010,'M',7,6958456732),('SHAG2615SD',380,'THESSALONIKI','95','SERIFOY','23432','KALLIA','KONSTANTOPOYLOY','378299164',1975,'F',2,6983927119),('SLWO1638AT',62,'THESSALONIKI','32','KARPATHOY','56632','NIKOLAOS','GKEKAS','670289303',1990,'M',2,6973043226),('YAFS5323NS',12,'LARISA','32','KATSOYLI','23311','ELENA','VASILEIOY','367925516',2002,'F',1,6934526118);
/*!40000 ALTER TABLE `customer` ENABLE KEYS */;
UNLOCK TABLES;

--
-- Temporary view structure for view `customer_view`
--

DROP TABLE IF EXISTS `customer_view`;
/*!50001 DROP VIEW IF EXISTS `customer_view`*/;
SET @saved_cs_client     = @@character_set_client;
/*!50503 SET character_set_client = utf8mb4 */;
/*!50001 CREATE VIEW `customer_view` AS SELECT 
 1 AS `card_number`,
 1 AS `first_name`,
 1 AS `last_name`,
 1 AS `total_points`,
 1 AS `birth_year`,
 1 AS `city`,
 1 AS `street`,
 1 AS `number`,
 1 AS `postal_code`,
 1 AS `family_size`,
 1 AS `SSN`,
 1 AS `sex`,
 1 AS `phone_no`*/;
SET character_set_client = @saved_cs_client;

--
-- Table structure for table `has_categories`
--

DROP TABLE IF EXISTS `has_categories`;
/*!40101 SET @saved_cs_client     = @@character_set_client */;
/*!50503 SET character_set_client = utf8mb4 */;
CREATE TABLE `has_categories` (
  `store_id` char(5) NOT NULL,
  `name` varchar(30) NOT NULL,
  PRIMARY KEY (`store_id`,`name`),
  KEY `name_idx` (`name`),
  CONSTRAINT `name_fk` FOREIGN KEY (`name`) REFERENCES `product_category` (`name`) ON DELETE CASCADE ON UPDATE CASCADE,
  CONSTRAINT `store_id_fk_` FOREIGN KEY (`store_id`) REFERENCES `store` (`store_id`) ON DELETE CASCADE ON UPDATE CASCADE
) ENGINE=InnoDB DEFAULT CHARSET=utf8mb4 COLLATE=utf8mb4_0900_ai_ci;
/*!40101 SET character_set_client = @saved_cs_client */;

--
-- Dumping data for table `has_categories`
--

LOCK TABLES `has_categories` WRITE;
/*!40000 ALTER TABLE `has_categories` DISABLE KEYS */;
INSERT INTO `has_categories` VALUES ('ATH01','Fresh Products'),('ATH02','Fresh Products'),('ATH03','Fresh Products'),('ATH04','Fresh Products'),('ATH05','Fresh Products'),('LAR01','Fresh Products'),('LAR02','Fresh Products'),('THE01','Fresh Products'),('THE02','Fresh Products'),('THE03','Fresh Products'),('ATH01','Frozen Food'),('ATH02','Frozen Food'),('ATH03','Frozen Food'),('ATH04','Frozen Food'),('ATH05','Frozen Food'),('LAR01','Frozen Food'),('LAR02','Frozen Food'),('THE01','Frozen Food'),('THE02','Frozen Food'),('THE03','Frozen Food'),('ATH01','House'),('ATH02','House'),('ATH03','House'),('ATH04','House'),('ATH05','House'),('LAR01','House'),('LAR02','House'),('THE01','House'),('THE02','House'),('THE03','House'),('ATH01','Personal Care'),('ATH02','Personal Care'),('ATH03','Personal Care'),('ATH04','Personal Care'),('ATH05','Personal Care'),('LAR01','Personal Care'),('LAR02','Personal Care'),('THE01','Personal Care'),('THE02','Personal Care'),('THE03','Personal Care'),('ATH01','Pet'),('ATH02','Pet'),('ATH03','Pet'),('ATH04','Pet'),('ATH05','Pet'),('LAR01','Pet'),('LAR02','Pet'),('THE01','Pet'),('THE02','Pet'),('THE03','Pet'),('ATH01','Spirits'),('ATH02','Spirits'),('ATH03','Spirits'),('ATH04','Spirits'),('ATH05','Spirits'),('LAR01','Spirits'),('LAR02','Spirits'),('THE01','Spirits'),('THE02','Spirits'),('THE03','Spirits');
/*!40000 ALTER TABLE `has_categories` ENABLE KEYS */;
UNLOCK TABLES;

--
-- Table structure for table `has_products`
--

DROP TABLE IF EXISTS `has_products`;
/*!40101 SET @saved_cs_client     = @@character_set_client */;
/*!50503 SET character_set_client = utf8mb4 */;
CREATE TABLE `has_products` (
  `store_id` char(5) NOT NULL,
  `barcode` varchar(15) NOT NULL,
  `current_price` decimal(5,2) NOT NULL,
  `position` varchar(5) DEFAULT NULL,
  PRIMARY KEY (`store_id`,`barcode`),
  KEY `barcode_idx` (`barcode`),
  KEY `barcode_has_products_idx` (`barcode`),
  CONSTRAINT `barcode_has_products_fk` FOREIGN KEY (`barcode`) REFERENCES `product` (`barcode`) ON DELETE CASCADE ON UPDATE CASCADE,
  CONSTRAINT `store_id_has_products_fk` FOREIGN KEY (`store_id`) REFERENCES `store` (`store_id`) ON DELETE CASCADE ON UPDATE CASCADE
) ENGINE=InnoDB DEFAULT CHARSET=utf8mb4 COLLATE=utf8mb4_0900_ai_ci;
/*!40101 SET character_set_client = @saved_cs_client */;

--
-- Dumping data for table `has_products`
--

LOCK TABLES `has_products` WRITE;
/*!40000 ALTER TABLE `has_products` DISABLE KEYS */;
INSERT INTO `has_products` VALUES ('ATH01','103849798132789',16.20,'AR192'),('ATH01','178368127369118',25.21,'FC192'),('ATH01','183517839261789',7.30,'AC156'),('ATH01','324719414187484',6.20,'AJ192'),('ATH01','347834410434343',5.20,'BD928'),('ATH01','352171163417382',7.80,'HF902'),('ATH01','352617393618338',5.20,'AC104'),('ATH01','352718390361586',3.29,'AC125'),('ATH01','352719103723413',1.20,'ND093'),('ATH01','361272828218219',5.20,'UC192'),('ATH01','363718910192711',31.20,'AC678'),('ATH01','365173936156361',5.20,'HT566'),('ATH01','409871374918471',1.20,'AS192'),('ATH01','481348401997633',5.20,'AX192'),('ATH01','553627189462517',5.99,'AC108'),('ATH01','657845454568865',5.20,'TE621'),('ATH01','849362718334518',9.80,'SF673'),('ATH01','874387834374343',5.20,'AN192'),('ATH02','103849798132789',25.20,'AE192'),('ATH02','178368127369118',21.75,'GC192'),('ATH02','182930121581465',4.20,'AJ829'),('ATH02','183517839261789',22.10,'AC178'),('ATH02','324719414187484',2.30,'AJ192'),('ATH02','347834410434343',15.20,'GE673'),('ATH02','352171163417382',5.20,'KD892'),('ATH02','352617393618338',9.20,'AC103'),('ATH02','352718390361586',6.29,'AC167'),('ATH02','352719103723413',15.20,'JA267'),('ATH02','361272828218219',7.25,'IC192'),('ATH02','363718910192711',14.29,'AC789'),('ATH02','365173936156361',23.00,'AC123'),('ATH02','409871374918471',1.20,'AD192'),('ATH02','481348401997633',5.20,'AC192'),('ATH02','553627189462517',9.99,'AC109'),('ATH02','657845454568865',5.20,'EC192'),('ATH02','849362718334518',3.20,'GD090'),('ATH02','874387834374343',5.20,'AM192'),('ATH03','103849798132789',2.89,'AW192'),('ATH03','178368127369118',5.73,'AI192'),('ATH03','182930121581465',15.30,'FG781'),('ATH03','183517839261789',15.25,'AC123'),('ATH03','237732278232387',5.87,'JI345'),('ATH03','324719414187484',5.20,'AK192'),('ATH03','343741874184343',5.99,'DF567'),('ATH03','347384384474343',5.20,'LP098'),('ATH03','347384384732478',5.20,'YU067'),('ATH03','347384384733478',5.35,'JIY89'),('ATH03','347384384734478',5.20,'IO897'),('ATH03','347437498419919',66.60,'MA561'),('ATH03','347834410434343',5.20,'SD782'),('ATH03','347893878378873',2.20,'JU897'),('ATH03','348038413247348',5.20,'FA654'),('ATH03','348638423429474',5.20,'YI783'),('ATH03','348887847483438',5.57,'KI897'),('ATH03','352171163417382',5.20,'DN231'),('ATH03','352617393618338',5.20,'AC256'),('ATH03','352718390361586',2.21,'AC100'),('ATH03','352719103723413',15.80,'KS256'),('ATH03','361272828218219',15.21,'SC192'),('ATH03','363718910192711',15.99,'AC890'),('ATH03','365173936156361',5.21,'AC345'),('ATH03','383920800000231',5.20,'KI937'),('ATH03','384041641546145',5.90,'AC345'),('ATH03','409871374918471',1.20,'AF192'),('ATH03','458987878378638',3.20,'AS567'),('ATH03','481348401997633',9.21,'AC192'),('ATH03','553627189462517',5.49,'AC107'),('ATH03','657845454568865',15.30,'RC192'),('ATH03','657980091343413',5.20,'IA009'),('ATH03','847647347648444',4.20,'IA008'),('ATH03','849362718334518',5.20,'MG988'),('ATH03','874387834374343',15.20,'HD146'),('ATH03','894787878387237',1.20,'GA672'),('ATH03','896432354668585',2.00,'KA518'),('ATH04','103849798132789',4.20,'AQ192'),('ATH04','178368127369118',8.90,'AU192'),('ATH04','182930121581465',5.40,'ST789'),('ATH04','183517839261789',5.99,'AC109'),('ATH04','234123131393713',8.20,'ER493'),('ATH04','324324341243444',3.20,'NS678'),('ATH04','324719414187484',9.27,'AL192'),('ATH04','341417890065325',5.20,'JD673'),('ATH04','346163183618316',4.20,'AC101'),('ATH04','347584384838478',5.90,'KI873'),('ATH04','347784384238478',6.98,'GS563'),('ATH04','347834410434343',5.20,'JY872'),('ATH04','349384144677073',7.20,'LA567'),('ATH04','352171163417382',5.20,'AJ672'),('ATH04','352617393618338',4.20,'AC673'),('ATH04','352718390361586',5.79,'AC125'),('ATH04','352719103723413',17.56,'KL267'),('ATH04','361272828218219',51.20,'DC192'),('ATH04','363718910192711',5.00,'AJ567'),('ATH04','365173936156361',5.22,'AC456'),('ATH04','388291912837933',1.20,'SJ112'),('ATH04','409871374918471',1.20,'AG192'),('ATH04','454341414141678',9.20,'DF167'),('ATH04','481348401997633',5.20,'AV192'),('ATH04','553627189462517',21.00,'AC106'),('ATH04','657845454568865',5.20,'TC192'),('ATH04','666566464646464',7.20,'TR678'),('ATH04','762336823683131',9.09,'HT897'),('ATH04','849362718334518',6.25,'AC199'),('ATH04','874387834374343',5.20,'HS677'),('ATH04','887909878778778',9.20,'OI098'),('ATH04','898941049894077',8.20,'JS567'),('ATH04','903493412304300',6.20,'UI990'),('ATH04','988974983411974',2.20,'JK791'),('ATH05','103849798132789',8.20,'AA192'),('ATH05','178368127369118',18.20,'AT192'),('ATH05','182930121581465',6.20,'SK789'),('ATH05','183517839261789',5.85,'AC123'),('ATH05','324719414187484',5.29,'AZ192'),('ATH05','347834410434343',5.20,'LO092'),('ATH05','352171163417382',9.85,'AO092'),('ATH05','352617393618338',3.20,'EF678'),('ATH05','352718390361586',5.69,'AC143'),('ATH05','352719103723413',18.98,'LP098'),('ATH05','361272828218219',5.20,'DC192'),('ATH05','363718910192711',6.20,'GD671'),('ATH05','365173936156361',9.25,'AC567'),('ATH05','409871374918471',1.20,'AH192'),('ATH05','481348401997633',15.20,'AB192'),('ATH05','553627189462517',6.20,'AC105'),('ATH05','657845454568865',9.20,'YC192'),('ATH05','849362718334518',5.20,'AC189'),('ATH05','874387834374343',5.20,'JD782'),('LAR01','103849798132789',6.20,'XC192'),('LAR01','178368127369118',1.20,'AG192'),('LAR01','182930121581465',5.20,'AC191'),('LAR01','183517839261789',15.20,'AC193'),('LAR01','352171163417382',5.30,'AU192'),('LAR01','352617393618338',9.20,'AC199'),('LAR01','352718390361586',5.90,'AC195'),('LAR01','352719103723413',2.20,'AW192'),('LAR01','361272828218219',5.20,'AD192'),('LAR01','363718910192711',5.30,'AT192'),('LAR01','365173936156361',7.20,'AR192'),('LAR01','409871374918471',9.20,'VC192'),('LAR01','553627189462517',5.20,'AC197'),('LAR01','657845454568865',9.60,'AS192'),('LAR02','103849798132789',5.20,'CC192'),('LAR02','178368127369118',5.20,'AA192'),('LAR02','182930121581465',25.20,'AC192'),('LAR02','183517839261789',5.20,'AC194'),('LAR02','352171163417382',5.30,'AA192'),('LAR02','352617393618338',1.20,'AQ192'),('LAR02','352718390361586',5.67,'AC196'),('LAR02','352719103723413',2.20,'AE192'),('LAR02','361272828218219',8.25,'AF192'),('LAR02','363718910192711',5.30,'AY192'),('LAR02','365173936156361',9.20,'AT192'),('LAR02','409871374918471',5.20,'BC192'),('LAR02','553627189462517',9.63,'AC192'),('LAR02','657845454568865',5.60,'AD192'),('THE01','103849798132789',4.23,'AW192'),('THE01','178368127369118',5.20,'UI123'),('THE01','182930121581465',5.20,'GY782'),('THE01','183517839261789',1.20,'AC192'),('THE01','352171163417382',5.29,'JI897'),('THE01','352617393618338',5.20,'AC198'),('THE01','352718390361586',3.20,'AC199'),('THE01','352719103723413',5.20,'AC195'),('THE01','361272828218219',5.20,'JK561'),('THE01','363718910192711',5.20,'AD456'),('THE01','365173936156361',2.28,'KI989'),('THE01','409871374918471',5.20,'AR192'),('THE01','553627189462517',9.26,'AC191'),('THE01','657845454568865',5.20,'SG678'),('THE01','849362718334518',6.70,'FT678'),('THE02','103849798132789',5.20,'AE192'),('THE02','178368127369118',7.29,'KI987'),('THE02','182930121581465',5.65,'FT678'),('THE02','183517839261789',3.20,'AC192'),('THE02','352171163417382',5.20,'OI987'),('THE02','352617393618338',5.20,'AC197'),('THE02','352718390361586',3.20,'AC193'),('THE02','352719103723413',5.20,'FG567'),('THE02','361272828218219',5.20,'LO980'),('THE02','363718910192711',9.29,'DR567'),('THE02','365173936156361',5.20,'KI898'),('THE02','409871374918471',5.23,'AT192'),('THE02','553627189462517',5.00,'AC190'),('THE02','657845454568865',5.20,'NU876'),('THE02','849362718334518',9.20,'UI897'),('THE03','178368127369118',5.20,'AQ192'),('THE03','182930121581465',5.20,'KI897'),('THE03','183517839261789',3.20,'DM989'),('THE03','324719414187484',9.21,'AU192'),('THE03','347584384838478',5.20,'AS192'),('THE03','347784384238478',5.20,'AO192'),('THE03','347834410434343',5.69,'AP192'),('THE03','352171163417382',5.29,'UR784'),('THE03','352617393618338',1.87,'AC196'),('THE03','352718390361586',3.20,'AC192'),('THE03','352719103723413',15.00,'DF567'),('THE03','361272828218219',6.21,'FG675'),('THE03','363718910192711',5.20,'HI562'),('THE03','365173936156361',5.20,'HJ783'),('THE03','409871374918471',5.20,'AY192'),('THE03','481348401997633',5.90,'AI192'),('THE03','553627189462517',2.20,'AC199'),('THE03','657845454568865',5.29,'JK456'),('THE03','762336823683131',15.35,'AF192'),('THE03','849362718334518',1.20,'JY544'),('THE03','874387834374343',5.20,'AI192');
/*!40000 ALTER TABLE `has_products` ENABLE KEYS */;
UNLOCK TABLES;

--
-- Table structure for table `old_price`
--

DROP TABLE IF EXISTS `old_price`;
/*!40101 SET @saved_cs_client     = @@character_set_client */;
/*!50503 SET character_set_client = utf8mb4 */;
CREATE TABLE `old_price` (
  `store_id` char(5) NOT NULL,
  `barcode` varchar(15) NOT NULL,
  `end_date` datetime NOT NULL,
  `start_date` datetime DEFAULT NULL,
  `price` decimal(5,2) NOT NULL,
  PRIMARY KEY (`store_id`,`barcode`,`end_date`),
  KEY `barcode_idx` (`barcode`) /*!80000 INVISIBLE */,
  CONSTRAINT `barcode` FOREIGN KEY (`barcode`) REFERENCES `product` (`barcode`) ON DELETE CASCADE ON UPDATE CASCADE,
  CONSTRAINT `store_id_oldprice_` FOREIGN KEY (`store_id`) REFERENCES `store` (`store_id`) ON DELETE CASCADE ON UPDATE CASCADE
) ENGINE=InnoDB DEFAULT CHARSET=utf8mb4 COLLATE=utf8mb4_0900_ai_ci;
/*!40101 SET character_set_client = @saved_cs_client */;

--
-- Dumping data for table `old_price`
--

LOCK TABLES `old_price` WRITE;
/*!40000 ALTER TABLE `old_price` DISABLE KEYS */;
INSERT INTO `old_price` VALUES ('ATH01','103849798132789','2020-05-10 12:29:43','2020-03-30 19:13:02',16.20),('ATH01','178368127369118','2020-05-10 12:29:43','2020-03-30 19:13:02',25.21),('ATH01','183517839261789','2020-06-27 16:09:52','2020-06-27 15:27:53',7.30),('ATH01','324719414187484','2020-05-10 12:29:43','2020-03-30 19:13:02',6.20),('ATH01','347834410434343','2020-05-10 12:29:43','2020-03-30 19:13:02',5.20),('ATH01','352171163417382','2020-05-10 12:29:43','2020-03-30 19:13:02',7.80),('ATH01','352617393618338','2020-06-04 06:39:49','2020-05-11 07:53:49',5.20),('ATH01','352718390361586','2020-06-27 16:09:52','2020-06-27 15:27:53',3.29),('ATH01','352719103723413','2020-06-04 06:39:49','2020-05-11 07:53:49',1.20),('ATH01','361272828218219','2020-05-10 12:29:43','2020-03-30 19:13:02',5.20),('ATH01','363718910192711','2020-05-10 12:29:43','2020-03-30 19:13:02',31.20),('ATH01','409871374918471','2020-05-10 12:29:43','2020-03-30 19:13:02',1.20),('ATH01','481348401997633','2020-05-10 12:29:43','2020-03-30 19:13:02',5.20),('ATH01','553627189462517','2020-06-27 16:09:52','2020-06-27 15:27:53',5.99),('ATH01','657845454568865','2020-05-10 12:29:43','2020-03-30 19:13:02',5.20),('ATH01','849362718334518','2020-06-28 09:17:07','2020-06-28 09:17:07',9.00),('ATH01','874387834374343','2020-05-10 12:29:43','2020-03-30 19:13:02',5.20),('ATH02','103849798132789','2020-05-10 12:29:43','2020-03-30 19:13:02',25.20),('ATH02','178368127369118','2020-05-10 12:29:43','2020-03-30 19:13:02',21.75),('ATH02','183517839261789','2020-06-27 16:09:52','2020-06-27 15:27:53',10.20),('ATH02','324719414187484','2020-05-10 12:29:43','2020-03-30 19:13:02',5.20),('ATH02','324719414187484','2020-07-07 11:04:31','2020-05-10 12:29:43',3.10),('ATH02','324719414187484','2020-07-07 11:04:44','2020-07-07 11:04:31',2.90),('ATH02','324719414187484','2020-07-07 12:59:31','2020-07-07 11:04:44',2.60),('ATH02','324719414187484','2020-07-08 19:31:09','2020-07-07 12:59:31',2.70),('ATH02','324719414187484','2020-07-08 19:31:58','2020-07-08 19:31:09',2.10),('ATH02','347834410434343','2020-05-10 12:29:43','2020-03-30 19:13:02',15.20),('ATH02','352171163417382','2020-05-10 12:29:43','2020-03-30 19:13:02',5.20),('ATH02','352617393618338','2020-06-04 06:39:49','2020-05-11 07:53:49',9.20),('ATH02','352718390361586','2020-06-27 16:09:52','2020-06-27 15:27:53',6.29),('ATH02','352719103723413','2020-06-04 06:39:49','2020-05-11 07:53:49',15.20),('ATH02','361272828218219','2020-05-10 12:29:43','2020-03-30 19:13:02',7.25),('ATH02','363718910192711','2020-05-10 12:29:43','2020-03-30 19:13:02',14.29),('ATH02','365173936156361','2020-06-04 06:39:49','2020-05-11 07:53:49',45.20),('ATH02','409871374918471','2020-05-10 12:29:43','2020-03-30 19:13:02',1.20),('ATH02','481348401997633','2020-05-10 12:29:43','2020-03-30 19:13:02',5.20),('ATH02','553627189462517','2020-06-04 06:39:49','2020-05-11 07:53:49',9.99),('ATH02','657845454568865','2020-05-10 12:29:43','2020-03-30 19:13:02',5.20),('ATH02','849362718334518','2020-06-27 18:44:22','2020-06-27 18:44:22',3.10),('ATH02','874387834374343','2020-05-10 12:29:43','2020-03-30 19:13:02',5.20),('ATH03','103849798132789','2020-05-10 12:29:43','2020-03-30 19:13:02',15.20),('ATH03','103849798132789','2020-07-07 11:01:38','2020-05-10 12:29:43',2.20),('ATH03','103849798132789','2020-07-07 11:03:55','2020-07-07 11:01:38',4.20),('ATH03','103849798132789','2020-07-07 11:04:09','2020-07-07 11:03:55',3.50),('ATH03','178368127369118','2020-05-10 12:29:43','2020-03-30 19:13:02',5.73),('ATH03','183517839261789','2020-06-27 16:09:52','2020-06-27 15:27:53',15.25),('ATH03','237732278232387','2020-05-10 12:29:43','2020-03-30 19:13:02',5.87),('ATH03','324719414187484','2020-05-10 12:29:43','2020-03-30 19:13:02',5.20),('ATH03','343741874184343','2020-05-10 12:29:43','2020-03-30 19:13:02',5.99),('ATH03','347384384474343','2020-05-10 12:29:43','2020-03-30 19:13:02',5.20),('ATH03','347384384732478','2020-05-10 12:29:43','2020-03-30 19:13:02',5.20),('ATH03','347384384733478','2020-05-10 12:29:43','2020-03-30 19:13:02',5.35),('ATH03','347384384734478','2020-05-10 12:29:43','2020-03-30 19:13:02',5.20),('ATH03','347437498419919','2020-05-10 12:29:43','2020-03-30 19:13:02',5.99),('ATH03','347437498419919','2020-07-07 00:47:49','2020-05-10 12:29:43',5.99),('ATH03','347834410434343','2020-05-10 12:29:43','2020-03-30 19:13:02',5.20),('ATH03','347893878378873','2020-05-10 12:29:43','2020-03-30 19:13:02',2.20),('ATH03','348038413247348','2020-05-10 12:29:43','2020-03-30 19:13:02',5.20),('ATH03','348638423429474','2020-05-10 12:29:43','2020-03-30 19:13:02',5.20),('ATH03','348887847483438','2020-05-10 12:29:43','2020-03-30 19:13:02',5.57),('ATH03','352171163417382','2020-05-10 12:29:43','2020-03-30 19:13:02',5.20),('ATH03','352617393618338','2020-06-04 06:39:49','2020-05-11 07:53:49',5.20),('ATH03','352718390361586','2020-06-27 16:09:52','2020-06-27 15:27:53',2.21),('ATH03','352719103723413','2020-06-04 06:39:49','2020-05-11 07:53:49',15.80),('ATH03','361272828218219','2020-05-10 12:29:43','2020-03-30 19:13:02',15.21),('ATH03','363718910192711','2020-05-10 12:29:43','2020-03-30 19:13:02',15.99),('ATH03','365173936156361','2020-05-10 12:29:43','2020-03-30 19:13:02',5.21),('ATH03','383920800000231','2020-05-10 12:29:43','2020-03-30 19:13:02',5.20),('ATH03','384041641546145','2020-05-10 12:29:43','2020-03-30 19:13:02',5.90),('ATH03','409871374918471','2020-05-10 12:29:43','2020-03-30 19:13:02',1.20),('ATH03','458987878378638','2020-05-10 12:29:43','2020-03-30 19:13:02',3.20),('ATH03','481348401997633','2020-05-10 12:29:43','2020-03-30 19:13:02',9.21),('ATH03','553627189462517','2020-06-04 06:39:49','2020-05-11 07:53:49',5.49),('ATH03','657845454568865','2020-05-10 12:29:43','2020-03-30 19:13:02',15.30),('ATH03','657980091343413','2020-05-10 12:29:43','2020-03-30 19:13:02',5.20),('ATH03','847647347648444','2020-05-10 12:29:43','2020-03-30 19:13:02',4.20),('ATH03','849362718334518','2020-06-27 16:09:52','2020-06-27 15:27:53',7.20),('ATH03','874387834374343','2020-05-10 12:29:43','2020-03-30 19:13:02',15.20),('ATH03','894787878387237','2020-05-10 12:29:43','2020-03-30 19:13:02',1.20),('ATH03','896432354668585','2020-05-10 12:29:43','2020-03-30 19:13:02',6.20),('ATH03','896432354668585','2020-07-08 19:51:06','2020-05-10 12:29:43',6.20),('ATH04','103849798132789','2020-05-10 12:29:43','2020-03-30 19:13:02',4.20),('ATH04','178368127369118','2020-05-10 12:29:43','2020-03-30 19:13:02',8.90),('ATH04','182930121581465','2020-06-30 17:14:30','2020-06-30 17:14:30',5.70),('ATH04','183517839261789','2020-06-27 16:09:52','2020-06-27 15:27:53',5.99),('ATH04','234123131393713','2020-05-10 12:29:43','2020-03-30 19:13:02',8.20),('ATH04','324324341243444','2020-05-10 12:29:43','2020-03-30 19:13:02',3.20),('ATH04','324719414187484','2020-05-10 12:29:43','2020-03-30 19:13:02',9.27),('ATH04','341417890065325','2020-05-10 12:29:43','2020-03-30 19:13:02',5.20),('ATH04','346163183618316','2020-05-10 12:29:43','2020-03-30 19:13:02',4.20),('ATH04','347584384838478','2020-05-10 12:29:43','2020-03-30 19:13:02',5.90),('ATH04','347784384238478','2020-05-10 12:29:43','2020-03-30 19:13:02',6.98),('ATH04','347834410434343','2020-05-10 12:29:43','2020-03-30 19:13:02',5.20),('ATH04','349384144677073','2020-05-10 12:29:43','2020-03-30 19:13:02',7.20),('ATH04','352171163417382','2020-05-10 12:29:43','2020-03-30 19:13:02',5.20),('ATH04','352617393618338','2020-06-04 06:39:49','2020-05-11 07:53:49',4.20),('ATH04','352718390361586','2020-06-27 16:09:52','2020-06-27 15:27:53',5.79),('ATH04','352719103723413','2020-06-04 06:39:49','2020-05-11 07:53:49',17.56),('ATH04','361272828218219','2020-05-10 12:29:43','2020-03-30 19:13:02',51.20),('ATH04','363718910192711','2020-05-10 12:29:43','2020-03-30 19:13:02',5.00),('ATH04','365173936156361','2020-05-10 12:29:43','2020-03-30 19:13:02',5.22),('ATH04','388291912837933','2020-05-10 12:29:43','2020-03-30 19:13:02',1.20),('ATH04','409871374918471','2020-05-10 12:29:43','2020-03-30 19:13:02',1.20),('ATH04','454341414141678','2020-05-10 12:29:43','2020-03-30 19:13:02',9.20),('ATH04','481348401997633','2020-05-10 12:29:43','2020-03-30 19:13:02',5.20),('ATH04','553627189462517','2020-06-04 06:39:49','2020-05-11 07:53:49',21.00),('ATH04','657845454568865','2020-05-10 12:29:43','2020-03-30 19:13:02',5.20),('ATH04','666566464646464','2020-05-10 12:29:43','2020-03-30 19:13:02',7.20),('ATH04','762336823683131','2020-05-10 12:29:43','2020-03-30 19:13:02',9.09),('ATH04','849362718334518','2020-06-27 16:09:52','2020-06-27 15:27:53',6.25),('ATH04','874387834374343','2020-05-10 12:29:43','2020-03-30 19:13:02',5.20),('ATH04','887909878778778','2020-05-10 12:29:43','2020-03-30 19:13:02',9.20),('ATH04','898941049894077','2020-05-10 12:29:43','2020-03-30 19:13:02',8.20),('ATH04','903493412304300','2020-05-10 12:29:43','2020-03-30 19:13:02',6.20),('ATH04','988974983411974','2020-05-10 12:29:43','2020-03-30 19:13:02',2.20),('ATH05','103849798132789','2020-05-10 12:29:43','2020-03-30 19:13:02',8.20),('ATH05','178368127369118','2020-05-10 12:29:43','2020-03-30 19:13:02',18.20),('ATH05','182930121581465','2020-06-29 11:15:53','2020-06-29 11:15:53',3.20),('ATH05','183517839261789','2020-06-27 16:09:52','2020-06-27 15:27:53',5.85),('ATH05','324719414187484','2020-05-10 12:29:43','2020-03-30 19:13:02',5.29),('ATH05','347834410434343','2020-05-10 12:29:43','2020-03-30 19:13:02',5.20),('ATH05','352171163417382','2020-05-10 12:29:43','2020-03-30 19:13:02',9.85),('ATH05','352617393618338','2020-06-04 06:39:49','2020-05-11 07:53:49',3.20),('ATH05','352718390361586','2020-06-27 16:09:52','2020-06-27 15:27:53',5.69),('ATH05','361272828218219','2020-05-10 12:29:43','2020-03-30 19:13:02',5.20),('ATH05','363718910192711','2020-05-10 12:29:43','2020-03-30 19:13:02',6.20),('ATH05','365173936156361','2020-05-10 12:29:43','2020-03-30 19:13:02',9.25),('ATH05','409871374918471','2020-05-10 12:29:43','2020-03-30 19:13:02',1.20),('ATH05','481348401997633','2020-05-10 12:29:43','2020-03-30 19:13:02',15.20),('ATH05','553627189462517','2020-06-04 06:39:49','2020-05-11 07:53:49',6.20),('ATH05','657845454568865','2020-05-10 12:29:43','2020-03-30 19:13:02',9.20),('ATH05','849362718334518','2020-06-27 16:09:52','2020-06-27 15:27:53',5.20),('ATH05','874387834374343','2020-05-10 12:29:43','2020-03-30 19:13:02',5.20),('LAR01','103849798132789','2020-02-21 03:12:36','2020-01-25 05:40:07',6.20),('LAR01','178368127369118','2020-02-21 03:12:36','2020-01-25 05:40:07',1.20),('LAR01','182930121581465','2020-02-21 03:12:36','2020-01-25 05:40:07',5.20),('LAR01','183517839261789','2020-02-21 03:12:36','2020-01-25 05:40:07',15.20),('LAR01','352171163417382','2020-02-21 03:12:36','2020-01-25 05:40:07',5.30),('LAR01','352617393618338','2020-02-21 03:12:36','2020-01-25 05:40:07',9.20),('LAR01','352718390361586','2020-02-21 03:12:36','2020-01-25 05:40:07',5.90),('LAR01','352719103723413','2020-02-21 03:12:36','2020-01-25 05:40:07',2.20),('LAR01','361272828218219','2020-02-21 03:12:36','2020-01-25 05:40:07',5.20),('LAR01','363718910192711','2020-02-21 03:12:36','2020-01-25 05:40:07',5.30),('LAR01','365173936156361','2020-02-21 03:12:36','2020-01-25 05:40:07',7.20),('LAR01','409871374918471','2020-02-21 03:12:36','2020-01-25 05:40:07',9.20),('LAR01','553627189462517','2020-02-21 03:12:36','2020-01-25 05:40:07',5.20),('LAR01','657845454568865','2020-02-21 03:12:36','2020-01-25 05:40:07',9.60),('LAR02','103849798132789','2020-02-21 03:12:36','2020-01-25 05:40:07',5.20),('LAR02','178368127369118','2020-02-21 03:12:36','2020-01-25 05:40:07',5.20),('LAR02','182930121581465','2020-02-21 03:12:36','2020-01-25 05:40:07',25.20),('LAR02','183517839261789','2020-02-21 03:12:36','2020-01-25 05:40:07',5.20),('LAR02','352171163417382','2020-02-21 03:12:36','2020-01-25 05:40:07',5.30),('LAR02','352617393618338','2020-02-21 03:12:36','2020-01-25 05:40:07',1.20),('LAR02','352718390361586','2020-02-21 03:12:36','2020-01-25 05:40:07',5.67),('LAR02','352719103723413','2020-02-21 03:12:36','2020-01-25 05:40:07',2.20),('LAR02','361272828218219','2020-02-21 03:12:36','2020-01-25 05:40:07',8.25),('LAR02','363718910192711','2020-02-21 03:12:36','2020-01-25 05:40:07',5.30),('LAR02','365173936156361','2020-02-21 03:12:36','2020-01-25 05:40:07',9.20),('LAR02','409871374918471','2020-02-21 03:12:36','2020-01-25 05:40:07',5.20),('LAR02','553627189462517','2020-02-21 03:12:36','2020-01-25 05:40:07',9.63),('LAR02','657845454568865','2020-02-21 03:12:36','2020-01-25 05:40:07',5.60),('THE01','103849798132789','2020-05-10 12:29:43','2020-03-30 19:13:02',4.23),('THE01','178368127369118','2020-05-10 12:29:43','2020-03-30 19:13:02',5.20),('THE01','182930121581465','2020-05-10 12:29:43','2020-03-30 19:13:02',5.20),('THE01','183517839261789','2020-05-10 12:29:43','2020-03-30 19:13:02',1.20),('THE01','352171163417382','2020-05-10 12:29:43','2020-03-30 19:13:02',5.29),('THE01','352617393618338','2020-05-10 12:29:43','2020-03-30 19:13:02',5.20),('THE01','352718390361586','2020-05-10 12:29:43','2020-03-30 19:13:02',3.20),('THE01','352719103723413','2020-05-10 12:29:43','2020-03-30 19:13:02',5.20),('THE01','361272828218219','2020-05-10 12:29:43','2020-03-30 19:13:02',5.20),('THE01','363718910192711','2020-05-10 12:29:43','2020-03-30 19:13:02',5.20),('THE01','365173936156361','2020-05-10 12:29:43','2020-03-30 19:13:02',2.28),('THE01','409871374918471','2020-02-21 03:12:36','2020-01-25 05:40:07',5.20),('THE01','553627189462517','2020-05-10 12:29:43','2020-03-30 19:13:02',9.26),('THE01','657845454568865','2020-05-10 12:29:43','2020-03-30 19:13:02',5.20),('THE01','849362718334518','2020-05-10 12:29:43','2020-03-30 19:13:02',6.70),('THE02','103849798132789','2020-05-10 12:29:43','2020-03-30 19:13:02',5.20),('THE02','178368127369118','2020-05-10 12:29:43','2020-03-30 19:13:02',7.29),('THE02','182930121581465','2020-05-10 12:29:43','2020-03-30 19:13:02',5.65),('THE02','183517839261789','2020-05-10 12:29:43','2020-03-30 19:13:02',3.20),('THE02','352171163417382','2020-05-10 12:29:43','2020-03-30 19:13:02',5.20),('THE02','352617393618338','2020-05-10 12:29:43','2020-03-30 19:13:02',5.20),('THE02','352718390361586','2020-05-10 12:29:43','2020-03-30 19:13:02',3.20),('THE02','352719103723413','2020-05-10 12:29:43','2020-03-30 19:13:02',5.20),('THE02','361272828218219','2020-05-10 12:29:43','2020-03-30 19:13:02',5.20),('THE02','363718910192711','2020-05-10 12:29:43','2020-03-30 19:13:02',9.29),('THE02','365173936156361','2020-05-10 12:29:43','2020-03-30 19:13:02',5.20),('THE02','409871374918471','2020-02-21 03:12:36','2020-01-25 05:40:07',5.23),('THE02','553627189462517','2020-05-10 12:29:43','2020-03-30 19:13:02',5.00),('THE02','657845454568865','2020-05-10 12:29:43','2020-03-30 19:13:02',5.20),('THE02','849362718334518','2020-05-10 12:29:43','2020-03-30 19:13:02',9.20),('THE03','178368127369118','2020-05-10 12:29:43','2020-03-30 19:13:02',5.20),('THE03','182930121581465','2020-05-10 12:29:43','2020-03-30 19:13:02',5.20),('THE03','183517839261789','2020-05-10 12:29:43','2020-03-30 19:13:02',3.20),('THE03','324719414187484','2020-02-21 03:12:36','2020-01-25 05:40:07',9.21),('THE03','347584384838478','2020-02-21 03:12:36','2020-01-25 05:40:07',5.20),('THE03','347784384238478','2020-02-21 03:12:36','2020-01-25 05:40:07',5.20),('THE03','347834410434343','2020-02-21 03:12:36','2020-01-25 05:40:07',5.69),('THE03','352171163417382','2020-05-10 12:29:43','2020-03-30 19:13:02',5.29),('THE03','352617393618338','2020-05-10 12:29:43','2020-03-30 19:13:02',1.87),('THE03','352718390361586','2020-05-10 12:29:43','2020-03-30 19:13:02',3.20),('THE03','352719103723413','2020-05-10 12:29:43','2020-03-30 19:13:02',15.00),('THE03','361272828218219','2020-05-10 12:29:43','2020-03-30 19:13:02',6.21),('THE03','363718910192711','2020-05-10 12:29:43','2020-03-30 19:13:02',5.20),('THE03','365173936156361','2020-05-10 12:29:43','2020-03-30 19:13:02',5.20),('THE03','409871374918471','2020-02-21 03:12:36','2020-01-25 05:40:07',5.20),('THE03','481348401997633','2020-02-21 03:12:36','2020-01-25 05:40:07',5.90),('THE03','553627189462517','2020-05-10 12:29:43','2020-03-30 19:13:02',2.20),('THE03','657845454568865','2020-05-10 12:29:43','2020-03-30 19:13:02',5.29),('THE03','762336823683131','2020-02-21 03:12:36','2020-01-25 05:40:07',15.35),('THE03','849362718334518','2020-05-10 12:29:43','2020-03-30 19:13:02',1.20),('THE03','874387834374343','2020-02-21 03:12:36','2020-01-25 05:40:07',5.20);
/*!40000 ALTER TABLE `old_price` ENABLE KEYS */;
UNLOCK TABLES;

--
-- Table structure for table `product`
--

DROP TABLE IF EXISTS `product`;
/*!40101 SET @saved_cs_client     = @@character_set_client */;
/*!50503 SET character_set_client = utf8mb4 */;
CREATE TABLE `product` (
  `barcode` varchar(15) NOT NULL,
  `product_name` varchar(45) NOT NULL,
  `store_tag` char(1) NOT NULL,
  `category_name` varchar(30) NOT NULL,
  PRIMARY KEY (`barcode`),
  KEY `name_fk_idx` (`category_name`),
  CONSTRAINT `category_name` FOREIGN KEY (`category_name`) REFERENCES `product_category` (`name`) ON DELETE CASCADE ON UPDATE CASCADE
) ENGINE=InnoDB DEFAULT CHARSET=utf8mb4 COLLATE=utf8mb4_0900_ai_ci;
/*!40101 SET character_set_client = @saved_cs_client */;

--
-- Dumping data for table `product`
--

LOCK TABLES `product` WRITE;
/*!40000 ALTER TABLE `product` DISABLE KEYS */;
INSERT INTO `product` VALUES ('103849798132789','yogurt','n','Frozen Food'),('178368127369118','salad','y','Fresh Products'),('182930121581465','orange','n','Fresh Products'),('183517839261789','steak','n','Fresh Products'),('212357980634423','dishes','n','House'),('213135194135456','knife','n','House'),('234123131393713','pizza','n','Frozen Food'),('237732278232387','brush','n','Pet'),('238239932980239','cat shampoo','n','Pet'),('238746946494911','spoon','n','House'),('287191991230766','tooth paste','n','Pet'),('324324341243444','turkey','n','Frozen Food'),('324719414187484','butter','n','Frozen Food'),('328478438942393','ava','n','House'),('341047141876340','pillows','n','House'),('341410657236313','fork','n','House'),('341417890065325','soap','n','Personal Care'),('341793943412234','apple pie','n','Frozen Food'),('343741874184343','souplin','n','House'),('346163183618316','tooth brush','n','Pet'),('347184384438478','white wine','n','Spirits'),('347284384238478','ouzo','n','Spirits'),('347284384738478','red wine','n','Spirits'),('347384383738478','tsipouro','n','Spirits'),('347384384474343','ferry','n','House'),('347384384732478','mastiha liquer','n','Spirits'),('347384384733478','cordon space','n','Spirits'),('347384384734478','lemon liquer','n','Spirits'),('347384384738547','beer','n','Spirits'),('347437498419919','dog shampoo','n','Pet'),('347484384438478','scotch','n','Spirits'),('347584384338478','rum','n','Spirits'),('347584384838478','vodka','n','Spirits'),('347784384238478','gin','n','Spirits'),('347834410434343','skip','n','House'),('347893878378873','tissues','y','Personal Care'),('348038413247348','swiffer','n','House'),('348361981032063','razers','n','Personal Care'),('348638423429474','battery','y','House'),('348887847483438','dog food','n','Pet'),('349384144677073','conditioner','n','Personal Care'),('352171163417382','feta','y','Fresh Products'),('352617393618338','lemon','n','Fresh Products'),('352718390361586','onion','n','Fresh Products'),('352719103723413','strawbery','n','Fresh Products'),('361272828218219','milk','y','Fresh Products'),('363718910192711','beef','y','Fresh Products'),('365173936156361','chiken','n','Fresh Products'),('371846138745834','garbage bag','n','House'),('378328232398382','cage','n','Pet'),('383920800000231','lamp','y','House'),('384041641546145','carpet','n','House'),('384738437474104','bin','n','House'),('388291912837933','lemon juice','y','Frozen Food'),('409871374918471','potatoes','n','Frozen Food'),('428314971389743','squid','n','Frozen Food'),('438472891078347','blanket','n','Pet'),('454341414141678','salmon','n','Frozen Food'),('458495803598304','octapus','n','Frozen Food'),('458958958495845','ice cream','y','Frozen Food'),('458987878378638','sanitizer','y','Personal Care'),('481348401997633','shampoo','y','Personal Care'),('553627189462517','fish','n','Fresh Products'),('657845454568865','mozzarella','y','Fresh Products'),('657980091343413','condoms','n','Personal Care'),('666566464646464','beans','y','Frozen Food'),('734643644834634','vaccum','n','House'),('737645341364443','nail clip','n','Personal Care'),('738917321212122','mop','y','House'),('741634780047474','vase','n','House'),('762336823683131','azax','n','House'),('847647347648444','face mask','n','Personal Care'),('849362718334518','apple','n','Fresh Products'),('874387834374343','cat food','n','Pet'),('887909878778778','orange juice','y','Frozen Food'),('894787878387237','perfume','n','Personal Care'),('896432354668585','bath foam','n','Personal Care'),('898941049894077','tuna','n','Frozen Food'),('903493412304300','cheese','n','Frozen Food'),('928913013103106','dog jumper','n','Pet'),('988974983411974','sausage','y','Frozen Food');
/*!40000 ALTER TABLE `product` ENABLE KEYS */;
UNLOCK TABLES;

--
-- Table structure for table `product_category`
--

DROP TABLE IF EXISTS `product_category`;
/*!40101 SET @saved_cs_client     = @@character_set_client */;
/*!50503 SET character_set_client = utf8mb4 */;
CREATE TABLE `product_category` (
  `name` varchar(30) NOT NULL,
  PRIMARY KEY (`name`)
) ENGINE=InnoDB DEFAULT CHARSET=utf8mb4 COLLATE=utf8mb4_0900_ai_ci;
/*!40101 SET character_set_client = @saved_cs_client */;

--
-- Dumping data for table `product_category`
--

LOCK TABLES `product_category` WRITE;
/*!40000 ALTER TABLE `product_category` DISABLE KEYS */;
INSERT INTO `product_category` VALUES ('Fresh Products'),('Frozen Food'),('House'),('Personal Care'),('Pet'),('Spirits');
/*!40000 ALTER TABLE `product_category` ENABLE KEYS */;
UNLOCK TABLES;

--
-- Temporary view structure for view `sales_view`
--

DROP TABLE IF EXISTS `sales_view`;
/*!50001 DROP VIEW IF EXISTS `sales_view`*/;
SET @saved_cs_client     = @@character_set_client;
/*!50503 SET character_set_client = utf8mb4 */;
/*!50001 CREATE VIEW `sales_view` AS SELECT 
 1 AS `card_number`,
 1 AS `time`,
 1 AS `date`,
 1 AS `total_cost`,
 1 AS `payment_method`,
 1 AS `store_id`,
 1 AS `city`,
 1 AS `street`,
 1 AS `number`,
 1 AS `postal_code`,
 1 AS `first_name`,
 1 AS `last_name`,
 1 AS `category_name`*/;
SET character_set_client = @saved_cs_client;

--
-- Table structure for table `store`
--

DROP TABLE IF EXISTS `store`;
/*!40101 SET @saved_cs_client     = @@character_set_client */;
/*!50503 SET character_set_client = utf8mb4 */;
CREATE TABLE `store` (
  `store_id` char(5) NOT NULL,
  `square_meters` varchar(4) DEFAULT NULL,
  `opens` char(5) DEFAULT NULL,
  `closes` char(5) DEFAULT NULL,
  `city` varchar(35) DEFAULT NULL,
  `street` varchar(45) DEFAULT NULL,
  `number` varchar(3) DEFAULT NULL,
  `postal_code` char(5) DEFAULT NULL,
  PRIMARY KEY (`store_id`)
) ENGINE=InnoDB DEFAULT CHARSET=utf8mb4 COLLATE=utf8mb4_0900_ai_ci;
/*!40101 SET character_set_client = @saved_cs_client */;

--
-- Dumping data for table `store`
--

LOCK TABLES `store` WRITE;
/*!40000 ALTER TABLE `store` DISABLE KEYS */;
INSERT INTO `store` VALUES ('ATH01','256','08:00','21:00','ATHENS','VASILEOS KONSTANTINOY','003','42869'),('ATH02','355','08:00','21:00','ATHENS','THESSALIAS','045','45100'),('ATH03','572','08:00','21:00','ATHENS','KYPROY','153','92211'),('ATH04','390','08:00','21:00','ATHENS','MARATHONOS','076','77321'),('ATH05','290','08:00','21:00','ATHENS','XARILAOY TRIKOYPI','245','71342'),('LAR01','280','08:00','21:00','LARISA','KARPATHOY','051','45001'),('LAR02','379','08:00','21:00','LARISA','SYROY','072','46900'),('THE01','380','08:00','21:00','THESSALNIKI','AGIOY NIKOLAOY','295','10991'),('THE02','286','08:00','21:00','THESSALONIKI','PENTELIS','137','27001'),('THE03','250','08:00','21:00','THESSALONIKI','LIOSION','025','77117');
/*!40000 ALTER TABLE `store` ENABLE KEYS */;
UNLOCK TABLES;

--
-- Table structure for table `transaction`
--

DROP TABLE IF EXISTS `transaction`;
/*!40101 SET @saved_cs_client     = @@character_set_client */;
/*!50503 SET character_set_client = utf8mb4 */;
CREATE TABLE `transaction` (
  `card_number` varchar(20) NOT NULL,
  `time` char(5) NOT NULL,
  `date` char(10) NOT NULL,
  `payment_method` varchar(20) NOT NULL,
  `total_cost` decimal(6,2) NOT NULL,
  `store_id` char(5) DEFAULT NULL,
  PRIMARY KEY (`card_number`,`time`,`date`),
  KEY `store_id_idx` (`store_id`),
  KEY `time_index` (`time`),
  KEY `date_index` (`date`),
  KEY `total_cost` (`total_cost`),
  KEY `payment_method` (`payment_method`),
  CONSTRAINT `card_number` FOREIGN KEY (`card_number`) REFERENCES `customer` (`card_number`) ON DELETE RESTRICT ON UPDATE CASCADE,
  CONSTRAINT `store__id` FOREIGN KEY (`store_id`) REFERENCES `store` (`store_id`) ON DELETE SET NULL ON UPDATE CASCADE
) ENGINE=InnoDB DEFAULT CHARSET=utf8mb4 COLLATE=utf8mb4_0900_ai_ci;
/*!40101 SET character_set_client = @saved_cs_client */;

--
-- Dumping data for table `transaction`
--

LOCK TABLES `transaction` WRITE;
/*!40000 ALTER TABLE `transaction` DISABLE KEYS */;
INSERT INTO `transaction` VALUES ('AHSS1234HD','15:15','2020-03-19','CASH',15.60,'THE02'),('AHSS1234HD','18:15','2020-03-19','CASH',18.40,'THE02'),('AHSS1234HD','19:15','2020-03-21','CASH',10.40,'THE02'),('AJGD9801AT','15:15','2020-05-15','CASH',151.26,'ATH01'),('AJGD9801AT','16:15','2020-05-13','CREDIT CARD',25.21,'ATH01'),('AJGD9801AT','17:40','2020-07-03','cash',30.40,'ATH03'),('AMMR3425AW','16:15','2020-06-03','CREDIT CARD',5.90,'LAR01'),('AMMR3425AW','19:15','2020-06-03','CASH',46.80,'LAR01'),('AVCX7754NB','11:54','2020-06-14','cash',36.40,'ATH03'),('AVCX7754NB','13:15','2020-06-03','CREDIT CARD',15.60,'ATH01'),('AVCX7754NB','14:15','2020-05-03','CASH',12.50,'ATH01'),('DGHH2345LP','14:15','2020-05-20','CREDIT CARD',28.89,'LAR02'),('DGHJ2456DS','11:15','2020-04-10','CASH',5.20,'THE02'),('DGHJ2456DS','13:15','2020-04-20','CASH',5.20,'THE02'),('DGHJ7789DJ','13:15','2020-03-06','CREDIT CARD',2.40,'ATH05'),('DGHJ7789DJ','13:15','2020-03-07','CASH',16.74,'ATH05'),('FAGS1332KK','09:12','2020-06-14','credit card',33.57,'ATH03'),('FAGS1332KK','09:42','2020-07-03','credit card',11.98,'ATH03'),('FAGS1332KK','12:14','2020-07-03','cash',5.87,'ATH03'),('FAGS1332KK','12:30','2020-06-14','cash',30.40,'ATH03'),('FAGS1332KK','13:15','2020-06-14','CREDIT CARD',46.20,'ATH03'),('FAGS1332KK','13:15','2020-06-15','CASH',25.70,'ATH03'),('FERL3692JD','10:15','2020-04-03','CREDIT CARD',44.15,'ATH01'),('FERL3692JD','11:15','2020-05-09','CASH',13.29,'ATH01'),('FERL3692JD','12:15','2020-02-01','CASH',17.97,'ATH01'),('FGDH1426JS','11:00','2020-07-04','CREDIT CARD',2.21,'ATH03'),('FGDH1426JS','12:45','2020-06-28','CASH',16.40,'ATH03'),('FGDH1426JS','13:45','2020-06-21','CASH',35.94,'ATH03'),('FGDH1426JS','15:45','2020-07-01','CASH',86.80,'ATH03'),('FGDH1426JS','16:10','2020-07-03','CASH',61.79,'ATH03'),('FGDH1426JS','16:15','2020-07-02','CREDIT CARD',15.30,'ATH03'),('FGDH1426JS','17:33','2020-06-14','cash',2.40,'ATH03'),('GDHS2551KD','12:15','2020-03-10','CREDIT CARD',12.80,'THE02'),('GDHS2551KD','14:15','2020-04-14','CASH',5.00,'THE02'),('GDHS2551KD','19:15','2020-04-17','CASH',30.54,'THE03'),('GDHS2551KD','20:15','2020-05-13','CREDIT CARD',26.41,'THE03'),('GHER2567DG','17:15','2020-07-05','CASH',28.70,'ATH04'),('GHER2567DG','18:15','2020-04-01','CREDIT CARD',24.15,'ATH04'),('GHER2567DG','18:15','2020-05-03','CASH',10.80,'ATH04'),('GSHA2345SD','12:15','2020-05-01','CASH',10.40,'LAR02'),('GSHA7821MN','10:15','2020-06-04','CREDIT CARD',79.92,'ATH02'),('GSHA7821MN','18:00','2020-07-03','cash',5.20,'ATH03'),('GSHA7821MN','19:15','2020-05-20','CREDIT CARD',10.20,'ATH02'),('GSHA7821MN','20:15','2020-06-03','CASH',51.00,'ATH02'),('HDFG1324GF','15:15','2020-05-18','CREDIT CARD',15.30,'ATH03'),('HDFG1324GF','15:25','2020-05-25','CASH',20.80,'ATH03'),('HDHD42O0EE','12:15','2020-05-10','CREDIT CARD',2.40,'LAR02'),('HDHD42O0EE','19:15','2020-05-13','CASH',12.03,'LAR02'),('HDJS2456DH','11:15','2020-06-06','CASH',20.40,'ATH02'),('HDJS2456DH','12:15','2020-06-13','CASH',25.16,'ATH02'),('HSJA1562SM','10:42','2020-07-03','credit card',15.60,'ATH03'),('HSJA1562SM','13:24','2020-02-11','cash',16.39,'ATH03'),('HSJA1562SM','14:22','2020-02-01','credit card',8.80,'ATH02'),('HSJA1562SM','14:36','2020-03-10','cash',17.61,'ATH03'),('HSJA1562SM','14:40','2020-07-06','CREDIT CARD',13.60,'ATH03'),('HSJA1562SM','16:14','2020-05-03','cash',4.40,'ATH04'),('HSJA1562SM','16:56','2020-01-11','cash',15.60,'ATH02'),('HSJA1562SM','17:00','2020-06-23','credit card',5.20,'ATH03'),('HSJA1562SM','19:04','2020-04-13','cash',41.60,'ATH03'),('HSJA1562SM','19:20','2020-05-03','CASH',6.25,'ATH04'),('HSJA1562SM','19:20','2020-06-22','credit card',2.40,'ATH02'),('HSJA1562SM','19:23','2020-06-14','credit card',5.87,'ATH03'),('HSJA1562SM','19:54','2020-07-02','cash',41.00,'ATH04'),('HSJA1562SM','20:12','2020-03-20','cash',25.20,'ATH02'),('HSJA1562SM','20:15','2020-05-02','CASH',22.45,'ATH04'),('HSJA1562SM','20:46','2020-03-22','credit card',10.40,'ATH02'),('HSJA1562SM','21:00','2020-05-04','CREDIT CARD',12.50,'ATH04'),('HSJA2531KD','14:15','2020-05-19','CASH',9.63,'LAR02'),('HSJA2531KD','15:15','2020-05-03','CASH',17.01,'LAR02'),('JAGS3541GF','12:15','2020-05-03','CASH',30.00,'THE03'),('JAGS3541GF','12:15','2020-05-18','CREDIT CARD',25.40,'THE03'),('JAGS3541GF','15:15','2020-03-12','CASH',20.10,'THE01'),('JAGS3541GF','15:15','2020-03-13','CASH',5.20,'THE01'),('KDHS7321HA','12:02','2020-06-14','credit card',33.57,'ATH03'),('KDHS7321HA','17:15','2020-05-12','CASH',3.20,'ATH02'),('KDHS7321HA','18:15','2020-05-10','CASH',22.18,'ATH02'),('KSRE1324KS','17:15','2020-06-03','CASH',18.40,'LAR01'),('KSRE1324KS','18:15','2020-06-09','CREDIT CARD',4.40,'LAR01'),('LSOB3384VC','11:15','2020-06-03','CASH',45.60,'LAR01'),('LSOB3384VC','15:15','2020-06-13','CASH',10.40,'LAR01'),('NBCN7282HF','10:15','2020-05-07','CREDIT CARD',6.20,'ATH05'),('NBCN7282HF','11:15','2020-05-08','CASH',12.40,'ATH05'),('SBAN1424GH','08:15','2020-05-05','CASH',17.97,'ATH04'),('SBAN1424GH','09:15','2020-05-06','CASH',5.99,'ATH04'),('SGFA1718LD','12:15','2020-03-04','CASH',22.10,'ATH05'),('SGFA1718LD','12:15','2020-05-15','CASH',12.40,'ATH05'),('SHAG2615SD','12:15','2020-03-18','CREDIT CARD',3.60,'THE01'),('SHAG2615SD','14:15','2020-03-16','CASH',4.80,'THE01'),('SHAG2615SD','18:15','2020-05-16','CASH',15.60,'THE03'),('SHAG2615SD','19:15','2020-06-03','CASH',10.40,'THE03'),('SLWO1638AT','10:15','2020-04-03','CREDIT CARD',16.00,'THE03'),('SLWO1638AT','10:15','2020-06-03','CREDIT CARD',15.87,'THE03'),('SLWO1638AT','11:15','2020-04-03','CASH',6.40,'THE03'),('SLWO1638AT','12:15','2020-03-17','CASH',9.60,'THE02'),('SLWO1638AT','13:15','2020-05-03','CASH',7.48,'THE03'),('SLWO1638AT','14:15','2020-03-01','CREDIT CARD',18.60,'THE01'),('SLWO1638AT','16:15','2020-03-09','CASH',16.80,'THE01'),('YAFS5323NS','11:15','2020-05-06','CASH',75.60,'LAR02'),('YAFS5323NS','18:15','2020-05-04','CASH',2.20,'LAR01');
/*!40000 ALTER TABLE `transaction` ENABLE KEYS */;
UNLOCK TABLES;

--
-- Dumping events for database 'vaseis'
--

--
-- Dumping routines for database 'vaseis'
--

--
-- Final view structure for view `customer_view`
--

/*!50001 DROP VIEW IF EXISTS `customer_view`*/;
/*!50001 SET @saved_cs_client          = @@character_set_client */;
/*!50001 SET @saved_cs_results         = @@character_set_results */;
/*!50001 SET @saved_col_connection     = @@collation_connection */;
/*!50001 SET character_set_client      = utf8mb4 */;
/*!50001 SET character_set_results     = utf8mb4 */;
/*!50001 SET collation_connection      = utf8mb4_0900_ai_ci */;
/*!50001 CREATE ALGORITHM=UNDEFINED */
/*!50013 DEFINER=`root`@`localhost` SQL SECURITY DEFINER */
/*!50001 VIEW `customer_view` AS select `customer`.`card_number` AS `card_number`,`customer`.`first_name` AS `first_name`,`customer`.`last_name` AS `last_name`,`customer`.`total_points` AS `total_points`,`customer`.`birth_year` AS `birth_year`,`customer`.`city` AS `city`,`customer`.`street` AS `street`,`customer`.`number` AS `number`,`customer`.`postal_code` AS `postal_code`,`customer`.`family_size` AS `family_size`,`customer`.`SSN` AS `SSN`,`customer`.`sex` AS `sex`,`customer`.`phone_no` AS `phone_no` from `customer` */;
/*!50001 SET character_set_client      = @saved_cs_client */;
/*!50001 SET character_set_results     = @saved_cs_results */;
/*!50001 SET collation_connection      = @saved_col_connection */;

--
-- Final view structure for view `sales_view`
--

/*!50001 DROP VIEW IF EXISTS `sales_view`*/;
/*!50001 SET @saved_cs_client          = @@character_set_client */;
/*!50001 SET @saved_cs_results         = @@character_set_results */;
/*!50001 SET @saved_col_connection     = @@collation_connection */;
/*!50001 SET character_set_client      = utf8mb4 */;
/*!50001 SET character_set_results     = utf8mb4 */;
/*!50001 SET collation_connection      = utf8mb4_0900_ai_ci */;
/*!50001 CREATE ALGORITHM=UNDEFINED */
/*!50013 DEFINER=`root`@`localhost` SQL SECURITY DEFINER */
/*!50001 VIEW `sales_view` AS select `transaction`.`card_number` AS `card_number`,`transaction`.`time` AS `time`,`transaction`.`date` AS `date`,`transaction`.`total_cost` AS `total_cost`,`transaction`.`payment_method` AS `payment_method`,`store`.`store_id` AS `store_id`,`store`.`city` AS `city`,`store`.`street` AS `street`,`store`.`number` AS `number`,`store`.`postal_code` AS `postal_code`,`customer`.`first_name` AS `first_name`,`customer`.`last_name` AS `last_name`,`product`.`category_name` AS `category_name` from ((((`transaction` join `customer` on((`customer`.`card_number` = `transaction`.`card_number`))) join `store` on((`store`.`store_id` = `transaction`.`store_id`))) join `consists_of` on(((`consists_of`.`card_number` = `transaction`.`card_number`) and (`consists_of`.`time` = `transaction`.`time`) and (`consists_of`.`date` = `transaction`.`date`)))) join `product` on((`product`.`barcode` = `consists_of`.`barcode`))) group by `transaction`.`card_number`,`transaction`.`time`,`transaction`.`date`,`product`.`category_name` */;
/*!50001 SET character_set_client      = @saved_cs_client */;
/*!50001 SET character_set_results     = @saved_cs_results */;
/*!50001 SET collation_connection      = @saved_col_connection */;
/*!40103 SET TIME_ZONE=@OLD_TIME_ZONE */;

/*!40101 SET SQL_MODE=@OLD_SQL_MODE */;
/*!40014 SET FOREIGN_KEY_CHECKS=@OLD_FOREIGN_KEY_CHECKS */;
/*!40014 SET UNIQUE_CHECKS=@OLD_UNIQUE_CHECKS */;
/*!40101 SET CHARACTER_SET_CLIENT=@OLD_CHARACTER_SET_CLIENT */;
/*!40101 SET CHARACTER_SET_RESULTS=@OLD_CHARACTER_SET_RESULTS */;
/*!40101 SET COLLATION_CONNECTION=@OLD_COLLATION_CONNECTION */;
/*!40111 SET SQL_NOTES=@OLD_SQL_NOTES */;

-- Dump completed on 2020-07-08 21:26:49
